Restaurant,id,Calories,Calories From Fat,Total Fat,Saturated Fat,Trans Fat,Cholesterol,Sodium,Total Carbohydrates,Fiber,Sugar,Protein
Arbys,1,532.7272727272727,237.83636363636364,26.98181818181818,7.972727272727273,0.41818181818181815,70.45454545454545,1515.2727272727273,44.872727272727275,2.709090909090909,7.5636363636363635,29.254545454545454
Burger King,2,608.5714285714286,333.75714285714287,36.81428571428572,11.15,0.8642857142857143,100.85714285714286,1223.5714285714287,39.31428571428572,2.6338824197671116,8.185714285714285,29.98415786548082
Chick Fil-A,3,384.44444444444446,145.37037037037038,16.14814814814815,4.111111111111111,0.037037037037037035,79.07407407407408,1151.4814814814815,28.62962962962963,2.4546056991385026,4.148148148148148,31.703703703703702
Dairy Queen,4,520.2380952380952,260.4761904761905,28.857142857142858,10.44047619047619,0.6785714285714286,71.54761904761905,1181.7857142857142,38.69047619047619,2.8333333333333335,6.357142857142857,24.833333333333332
Mcdonalds,5,640.3508771929825,285.6140350877193,31.80701754385965,8.289473684210526,0.4649122807017544,109.73684210526316,1437.8947368421052,48.78947368421053,3.2280701754385963,11.070175438596491,40.29824561403509
Sonic,6,631.6981132075472,338.3018867924528,37.64150943396226,11.415094339622641,0.9339622641509434,86.98113207547169,1350.754716981132,47.20754716981132,2.660377358490566,6.528301886792453,29.18867924528302
Subway,7,503.0208333333333,165.10416666666666,18.479166666666668,6.197916666666667,0.21875,61.302083333333336,1272.96875,54.71875,6.5625,10.09375,30.3125
Taco Bell,8,443.0088495575221,187.69911504424778,20.858407079646017,6.557522123893805,0.24336283185840707,38.89380530973451,1012.3893805309734,46.575221238938056,5.699115044247788,3.690265486725664,17.38053097345133
